index,ProductTitle,ProductsCategory,Brand,ProductDescription
0,Whiskas Adult (+1 year) Fish 3 kg Dry Cat Food,Household Care|Pet Food,Whiskas,"These little pockets of fish cat food are going to have your cat crunching and munching till the last bite. Easy to serve, healthy and crunchy, this cat food is going to give you a healthier and happier cat."
1,Pantene Hair Fall Control Shampoo(180 ml),Hair Care,Pantene,"If your hair falls frequently and you leave behind a strand or two wherever you go, it’s time to take a second look at the shampoo you use. Pantene Hair fall Control Shampoo is designed for use by both men and women to reduce hair fall. This Hair fall Control Shampoo gently but effectively removes impurities and excess sebum from your hair and scalp. This facilitates better absorption of the fortifying nutrients present in the Pantene Hair fall Control Shampoo. Your weak hair is left nourished and breakage is reduced considerably. With continued use your hair is left feeling nourished and repaired. Enjoy thick tresses full of bounce and volume with Pantene Hair fall Control Shampoo. Directions for Use Brush your hair before bath. Wash your hair completely with water. Pour the required amount of Pantene Hair fall Control Shampoo and apply evenly through your hair. Work into lather and massage your scalp using your fingertips. Squeeze and remove excessive lather and wash off thoroughly."
2,m&m's Milk Chocolate Truffles(100 g),Chocolates & Sweets,m&m's,"Whether its a festival or not, sweets have their own undeniable charm. With Diwali around the corner, this pack of M&M's milk chocolate candies will be a delicious gifting option. D elicious Taste Each M&M comes in a sugary colourful shell that opens up to deliver a piece of smooth chocolate. Visual Appeal These M&M’s not only satisfies your tongue with their taste but also your eyes with their attractive colours. "
3,Beardo Ultraglow All In 1 Lotion(100 g),"Creams, Lotions, Skin Care",Beardo,"BEARDO Ultraglow All in 1 Men's Face Lotion - 100g , This Special Formula is enriched with Natural and Ayurvedic Herbs which provides protection and moisturising of the skin.This formula for men has an effective sun screen of SPF30 that blocks UVA/UVB rays and prevents premature ageing of skin.This formula not only reduces dark spots and whitens the skin it also controls oil production,firms and improves elasticity of skin giving the skin a healthy radiant look."
4,Kohinoor Punjabi Paneer Butter Masala(15 g),Masalas & Spices,Kohinoor,The smell of fresh paneer butter masala being cooked is heavenly for those who are hardcore paneer fans. This Punjabi paneer butter masala from Kohinoor will take your taste buds on a joy ride. Lavish Spread Do you have guests coming over but not enough time to cook dinner? Cook up some rich and yummy paneer butter masala in no time. Smoky Flavour The smoky flavour of Kasoor methi will add a great finishing touch to the mouth-watering paneer butter masala gravy.
5,Parachute Pure Coconut Hair Oil(300 ml),Hair Care,Parachute,"Treat your mane with the engulfing aroma of coconuts with the Parachute coconut hair oil. This coconut oil has been manufactured using hand-picked coconuts and it has undergone a 5-stage purification process for enhanced purity. 100% Pure Coconut Oil This coconut oil has been made using hand-picked coconuts from India, thereby making it authentic and pure. Consistent Composition Every drop of this oil has the same consistency and viscosity, thereby keeping your hair healthy and strong, with every use. 5-stage Purification Process It has undergone a 5-step purification process to ensure that what you get is nothing but pure and fresh coconut oil for your hair."
6,Flipkart Supermart Select Abjosh Raisins(200 g),"Dry Fruits, Nuts & Seeds",Flipkart Supermart Select,"Raisins are small dry fruits that pack more than their size. They are concentrated with carbohydrates, vitamins, iron, potassium and more. Raisins are excellent sources of key nutrients and energy which help improve your overall health. Flipkart Supermart brings a variety of raisins to add a distinct sweetness to your home-made delicacies along with the goodness of nutrition. Sourced from the finest traditional farms, our professionals handpick these ‘Select’ produce carefully to ensure that the maximum nutrition from the farm reaches your food. Through multiple quality checks, cleaning and advanced packaging, Flipkart Supermart Select ensures enhanced shelf-life while preserving the healthy, natural taste of the produce. So go ahead and enjoy a healthy, hearty meal with your family."
7,Patanjali Kesh Kanti Shikakai Hair Cleanser(200 ml),Hair Care,Patanjali,"Get rid of dry hair and show-off your soft, lustrous long locks with the Patanjali Kesh Kanti Shikakai Hair Cleanser. Enriched with natural ingredients, such as shikakai, amla, reetha, tulsi, and bhringraj, this haircare essential reduces hair fall, restores bounce, and makes hair naturally healthy and shiny."
8,Nivea Body Milk Nourishing Lotion(400 ml),"Creams, Lotions, Skin Care",Nivea,"Radiant, creamy, and smooth - your skin will get a fresh lease of life with the Nivea Body Milk Nourishing Lotion. It has a creamy formula with Hydra IQ and Almond Oil to give you well-nourished, soft skin. Long-lasting Hydration Get hydrated and smooth skin, thanks to the Hydra IQ formula of this lotion. Repairs Skin This lotion contains almond oil which effectively repairs dry skin."
9,Himalaya Khus Khus Baby Powder(100 g),Baby Bath & Skin Care,Himalaya,"Be it a post-bath, nappy change or sleep time, this Himalaya Baby Powder will help keep your baby’s skin cool and odour-free at all times. Contains Natural Ingredients This powder contains natural ingredients having various medicinal properties. It has olive oil which nourishes, protects and softens skin, and almond oil which moisturizes and fights infections. This gentle formulation is easy on your baby’s sensitive skin. Controls Body Odour Khus khus gives the antiperspirant and anti-astringent properties to this powder and helps control body odour and keep your baby sweat-free. Antiseptic Property This powder is antiseptic and helps keep your little one’s sensitive skin free from skin infections. Relieves Itching This baby powder relives your baby of itching and soothe his skin."
10,"Quaker Oats Plus Multigrain Advantage(600 g, Pouch)",Breakfast Cereals,Quaker,"Featuring the benefits of four different grains (oats, wheat, ragi, and barley), this packet from Quaker will be a delicious and healthy addition to your daily nutrition. You can add various toppings and create your very own multigrain breakfast bowl."
11,Pond's Men Energy Charge Face Wash(100 g),Soaps & Body Wash,Pond's Men,"Remove dirt and impurities from your face to get fresh and glowing skin with the Pond's Men Energy Charge Face Wash. This skincare essential has been specially-designed for the tough skin of men and it removes oil, dust, and dirt effectively. It contains menthol and coffee bean extracts that gently exfoliate your skin for a clean look. Cleanses Skin Get clean and refreshing skin with this face wash for men. Brightens Skin This pond’s product eliminates dead skin cells and evens out your skin tone to brighten your skin instantly. Use Regularly For an active glow, use this face wash regularly."
12,Cinthol Dive Deodorant Spray - For Men(150 ml),"Deos, Perfumes & Talc",Cinthol,"Made for the men of today, this deodorant from Cinthol will make your gloomy and dull day interesting and refreshing. The fragrant smell of this deodorant will keep you going throughout the day and will ensure you look and smell fresh. Fresh and Cool Aqua This deodorant spray will awaken and rejuvenate your senses with its strong and fresh aroma. Skin-Friendly This deodorant is alcohol-free and protects your skin from damage and irritation apart from helping you smell presentable. Long-Lasting All you will need is just a whiff of this spray to smell fresh. The freshness of the aroma will linger around you all day long."
13,"Garnier Color Naturals Creme Hair Color(Shade 5, Light Brown)",Hair Care,Garnier,"Achieving beautiful tresses is not a tough task anymore with the application of this Color Naturals Hair Color from the esteemed beauty house of Garnier. Enriched with the essence of olive oil, this Garnier Color Naturals Hair Color ensures no side effects as it is organic in nature. Revel in the goodness of Olive oil which helps in moisturizing your locks after coloring and protecting them from getting damaged. This Hair Color is neatly packed with a colorant tube, a developer bottle and gloves for easy and safe application. The texture of this Hair Color is in the form of cream which can be easily applied on your tresses without dripping. Available in the fun shade of Light Brown, this Hair Color provides with complete grey coverage while nourishing and conditioning your hair. This Color Naturals Hair Color is a permanent hair color cream which provides radiance and shine to your tresses as it colors. The Garnier Color Naturals Hair Color (Light Brown - 5) lasts longer thus, providing every woman with soft and silky hair."
14,"Saffola Pongal Surprise Masala Oats(38 g, Pouch)",Breakfast Cereals,Saffola,"Made from 100% natural whole grains and bursting with the flavours of the choicest masalas and real vegetables, this Saffola Masala Oats is not only a treat for your taste buds, but also deliciously healthy. The Authentic Taste of Pongal with a Twist The wholesome goodness of oats, sprinkled with a delicious mix of roasted cashews, spices, and condiments make this Saffola Masala Oats a filling and nutritious breakfast or snack option. What’s even better news is that it cooks in just three minutes! Nutritional Benefits Each spoonful of this oats packs natural fibres and protein. Eating a bowl of this oats keeps you full for a long period of time; something you’d find especially beneficial if you’re trying to manage your body weight."
15,Maggi Pazzta Masala Pasta(65 g),Noodles & Pasta,Maggi,Maggi has been the saviour for many of us when it comes to midnight pangs or the lack of time to cook. Now they offer you something new in the form of a tasty pasta that can be cooked in five minutes. Pasta in a Saucy Mix This Nestlé MAGGI PAZZTA Instant Pasta is available to you in a lip-smacking masala flavour. Made from Nutritious Ingredients This pasta from Maggi is made of suji or rawa which makes it a healthy snack. Ready In A Jiffy It takes only 5-minutes to prepare this tasty snack.
16,Flipkart Supermart Select Soya Bean(500 g),Dals & Pulses,Flipkart Supermart Select,"The super-healthy and versatile food of many, beans are high in antioxidants, fiber, iron, copper, zinc, potassium and vitamin B. Cultivated on nutrient-rich fields, the natural goodness of Flipkart Supermart Beans can help reduce the risk of diabetes, heart disease and assist with weight loss. Sourced from the finest traditional farms, our professionals handpick the Select produce carefully to ensure that the maximum nutrition from the farm reaches your food. Through multiple quality checks, cleaning and advanced packaging, Flipkart Supermart Select ensures an enhanced shelf life while also preserving the healthy, natural taste of the produce. So go ahead and enjoy a healthy, hearty meal with your family."
17,Flipkart Supermart Select Brown Chana(1 kg),Dals & Pulses,Flipkart Supermart Select,"Grams are high in minerals, fibers and proteins. They also provide key vitamins and minerals to your diet. Its pure goodness helps in regulating blood pressure and cholesterol, while also assisting with weight management and diabetes. Flipkart Supermart Grams have a natural and delicious taste with great quality. Sourced from the finest traditional farms, our professionals handpick the Select produce carefully to ensure that the maximum nutrition from the farm reaches your food. Through multiple quality checks, cleaning and advanced packaging, Flipkart Supermart Select ensures an enhanced shelf life while also preserving the healthy, natural taste of the produce. So go ahead and enjoy a healthy, hearty meal with your family."
18,Lay's American Style Cream and Onion Flavour Chips(2 x 167 g),"Chips,Namkeen & Snacks",Lay's,"Open a bag of Lay’s chips and share it with your loved ones at home, parties and picnics. Relish the irresistible combination of sour cream, herbs and onions that will keep you wanting for more. These chips are made from high-quality potatoes that are sliced and cooked in edible vegetable oils. They are then seasoned with lip-smacking flavours."
19,Maggi Hot & Sweet Tomato Chilli Sauce(1 kg),Ketchups & Spreads,Maggi,"Bland food is a concept you won’t ever have to deal with when you have this Maggi Hot and Sweet Tomato Chilli Sauce to spice things up. Its interesting blend of sweet tomatoes and spicy chillies as the core ingredients comes together perfectly to take your tastebuds down a flavourful road no matter what or how you eat this sauce. For That Extra Zing This sauce’s unique taste is the result of the perfect marriage between the choicest tomatoes and chillies. Add this sauce to curries or use it as an accompaniment with your favourite snacks to give food a flavourful twist. No Mess, No Fuss Its impermeable glass packaging is strategically chosen to retain the sauce’s taste. This bottle’s opening facilitates an easy pour-and-serve use."
20,"Nivea Shine Caring Lip Balm Strawberry(Pack of: 1, 4.8 g)","Creams, Lotions, Skin Care",Nivea,"Let your lips look beautiful, with a hint of colour and the pleasant fragrance of strawberries by wearing the NIVEA Strawberry Shine lip balm. Greet Everyone with Soft and Smooth Lips This lip balm provides enough moisturization for your lips, thereby making them soft and smooth. Delightful Aroma of Strawberry This lip balm will leave your lips looking pleasant, alongside a slight aroma of strawberries."
21,Schweppes Tonic(300 ml),Soft Drinks,Schweppes,"Add a dash of zest to your drinks with the Schweppes Tonic that offers a distinctive tang to excite your taste buds. Made with quinine and other delicious ingredients, this tonic can be enjoyed on the rocks and/or with mocktails and cocktails. Refreshing Drink Mixer This is a refreshing and tasty drink mixer to make your favorite drink taste even better. Distinctive Taste Made of quinine and other ingredients, this tonic has a distinctive taste. Ideal for Mocktails and Cocktails Make flavour-rich mocktails and cocktails at home with the Schweppes Tonic. A Standalone Drink Make a standalone drink on the rocks with this tonic and feel refreshed instantly. Serve Chilled Serve the drink chilled and bubbling to enjoy every sip."
22,Minute Maid Guava Juice(1 L),Juices,Minute Maid,"Guava brings back a host of childhood memories and so does this Minute Maid guava juice. Family gatherings or house parties, serve your guests this refreshing drink and make long-lasting memories. Delicious and Quick This flavourful is not just palatable to your taste buds, but it is also completely hassle-free. Just open the lid and serve it fresh."
23,Dermi Cool Sandal Talc(125g Dettol Soap Free)(150 g),"Deos, Perfumes & Talc",Dermi Cool,"Bacteriostatic Formula with Dual Action, gives instant cooling relief. For effective treatment of Prickly Heat and long lasting cooling relief from accompanied stinging, burning and itching of skin along with the fragrance of sandalwood."
24,Pampers Baby-Dry Pants Diaper - New Born(86 Pieces),Diapers & Wipes,Pampers,"New Pampers Baby Dry Pants style diapers have 3 revolutionary Extra Absorb Channels, that help distribute wetness evenly throughout the pants diapers, so wetness doesn't collect in one place. Their Magic Gel Layer locks wetness inside and offers up to 12 hours of dryness to help your baby sleep soundly all night."
25,"Pedigree Puppy Milk, Vegetable 1.2 kg Dry Dog Food",Household Care|Pet Food,Pedigree,"For a complete and tasty meal of milk and vegetables, serve your dog this tasty blend from Pedigree and watch him enjoy his meal times from now."
26,Kohinoor Dubar Basmati Rice (Medium Grain)(5 kg),Rice & Rice Products,Kohinoor,"The Kohinoor Dubar Basmati Rice lends a tasty and delicious touch to your everyday meals. Aged Naturally This rice is naturally aged because of which it gets its distinct taste and flavour. Also, it is carefully processed in a high-quality manufacturing facility. This process accentuates the rich aroma of the rice and makes your meals yummier. Half the Length The length of this rice is half the length of a full basmati grain, so you can use it to prepare rice-based dishes every day and even for special occasions."
27,"TRESemme Detox & Restore Shampoo- No Parabens, No Dyes(580 ml)",Hair Care,TRESemme,"Launched in 1948, TRESemme was named after renowned hair care expert Edna Emme. Up until the 1950's, TRESemme was sold only in salons. Today it is available at a shop near you, so that you can have salon style hair at home. For over 60 years, TRESemme has built a history of success in 13 countries around the world. From its origins in 1947 and salon expertise, TRESemme has been driven by a simple truth: every woman deserves to look & feel fabulous, like she has just stepped out of the salon, everyday. This range has been carefully selected for its advanced formula. Driven by our salon heritage, we work with our stylists to deliver expert solutions from salon quality products without the salon price tag. Detox your way to stunning, healthy looking hair with every wash. Our expertly crafted system, gently purifies hair from daily residue build up without parabens or dyes. Formulas with our botanical blend of ginseng and neem, help nourish weak and damaged cuticles reviving hair and restoring manageability. Safe for color treated hair. Apply the TRESemme Botanique Detox & Restore Shampoo to wet hair, gently massage and work into a lather. Rinse thoroughly. Follow with TRESemme Botanique Detox & Restore Conditioner."
28,Durex Play Massage 2 in 1 Stimulating Lubricant(200 ml),Wellness & Common Pharma,Durex,"Give into your passions without any inhibitions. Leave the work to this Durex Play Massage 2-in-1 Stimulating Lubricant. This water-soluble formula eases vaginal dryness and any sort of discomfort so intimate moments between you and your partner are solely about each other. To switch things up, this lubricant contains guarana which improves physical endurance. Soft to touch, this formula washes off easily and has a pleasant smell."
29,Nivea Musk Talc(400 g),"Deos, Perfumes & Talc",Nivea,"Feel fresh throughout the day with this Musk Talc from Nivea and fall in love with your skin all over again. For all those men and women longing for that gentle fragrance, this Musk Talc will be their apt choice. The Nivea Musk Talc is perfect for summer when you are all set to go and play your favourite outdoor game. You are sure to get that soft and supple skin with this Nivea Talc. Also, this talcum powder will protect your body against bad odour and will absorb the moisture from your skin. For all those sport lovers, a talcum powder is a must since it would keep them away from bad body odour. Summers can be extremely uncomfortable, when you feel hot and sticky you can apply this Pure Talc and comfort yourself. Additionally, this Talc can be applied at night to give you that comfortable sleep during those humid days and you are sure to get that pleasant body odour. You can bid farewell to your skin irritation like rashes and chafing with this Musk Talc. Besides giving you that smooth skin, this Nivea Talc will keep your skin clean and fresh. After your fun bike ride, take a soothing shower and apply this talcum powder on your body and get that beautiful skin. Directions for Use Gently apply this talc on your body."
30,Nivea Whitening Cool Sensation Body Lotion(400 ml),"Creams, Lotions, Skin Care",Nivea,"Bring dull and lifeless skin back to its healthy and radiant condition with this Nivea Whitening Body Lotion. Gives Even-toned Skin Enriched with the goodness of camu camu and menthol, this body lotion gives you even-toned skin and keeps you feeling refreshed for hours. Sun Protection It contains SPF 15 to keep your skin protected from the harmful rays of the sun. Light Formula Hate the greasy feeling? This body lotion has a light formula which quickly absorbs into your skin and leaves it feeling soft and moisturized without being too oily or greasy."
31,Karachi Bakery Cashew Biscuits(400 g),Biscuits,Karachi Bakery,"These Cashew Biscuits come from the very renowned and reliable Karachi Bakery, who have been making cookies ,biscuits since 1953. The Cashew Biscuits is fully made up of natural ingredients and makes an excellent cookie. It's a high quality product, tasting sweet and delicious all at the same bite. It's free from preservatives, harmful regulators and, artificial flavors."
32,Minute Maid Pulpy Orange(1 L),Juices,Minute Maid,"Savour the tangy goodness of natural oranges with the Minute Maid Pulpy Orange soft drink from the Coca-Cola company. Shake it well and enjoy the juicy freshness of orange pulp with every gulp. A Real Fruit-eating Experience Its refreshing taste will delight your taste buds and chewing the pulp will make you feel like you’re eating the fruit itself. Refreshing Drink for the Whole Family Whether you’re a kid or an adult, you can enjoy this deliciously refreshing drink at any time of the day. Shake it well and serve it chilled to quench your thirst with the goodness of oranges."
33,Revive Liquid Fabric Stiffener(400 g),Detergents & Laundry,Revive,"Make your clothes stiff, bright, and wrinkle-free easily with the help of this fabric stiffener from Revive. Its formula is suitable for all fabrics and it can dissolve in cold water. Suitable for All Fabrics This instant starch is suitable for all types of fabrics, thereby making it suitable for almost anything inside your wardrobe. What’s more, it has been formulated to dissolve even in cold water. Patch-free Stiffness This starch will ensure that your clothes remain stiff but patch-free by forming an even transparent layer on the apparel. Hello Brighter Clothes You can confidently make use of this starch to make your colourful clothes brighter."
34,Set Wet Studio X Clean Cut Shine Hair Wax(70 g),Hair Care,Set Wet Studio X,"‘On fleek’ hair doesn’t happen just like that, but then again, it isn’t as much work as you think it is. Sometimes, all it takes to be ‘the guy with the cool hair’ is using this Set Wet Studio X Styling Wax Clean Cut Shine Hair Styler. This oil-based formula offers your hair an all-day smoothness and a long-lasting hold. Take a dollop of the product on your fingertips and apply it to the ends of hair strands. You can restyle your hair without washing the wax off."
35,Lakme Sun Expert Fairness UV Sunscreen Lotion - SPF 24 PA++(60 ml),"Creams, Lotions, Skin Care",Lakme,"With the Lakme Sun Expert Fairness plus UV Lotion, you no longer have to hide under a hat or an umbrella. It shields your skin from harmful sun rays. Thanks to its broad spectrum UV protection, it is ideal for hot Indian weathers and you can get lighter and radiant skin. SPF Say goodbye to tan lines as this lotion comes with SPF 24 PA + to protect your sensitive skin from harmful UV rays. Radiant and Healthy Glow It is infused with lemongrass and cucumber extracts to give your skin that radiant and healthy glow. It also gives a cooling effect. All-through the Year Its texture is light enough to be used everyday, and not just during summers. Regular usage will help give you visibly fairer and even-toned skin. Specially Formulated It is specially formulated to prevent sunburns, premature aging and dark spots."
36,"Gatorade Sports Energy Drink(500 ml, Orange Flavored)",Soft Drinks,Gatorade,"If you are sportsperson, then Gatorade is the drink designed to re-energize you. It is a scientifically developed formula, which comes with a balanced combination of fluids, flavour, electrolytes and carbohydrates to rehydrate and refuel you after an intense game."
37,"Nestle Cerelac Rice Cereal(300 g, 6+ Months)",Baby Foods,Nestle Cerelac,"Ensure that your child gets the right nutrition with the Nestlé CERELAC Fortified Baby Cereal with Milk. This Iron-fortified Baby Cereal includes 18 vital nutrients that help your child grow healthy. Iron-fortified Baby Cereal Nutrients are vital for your child’s healthy growth. This rice cereal is ideal for babies (6 months or older), and does not contain any added colors, flavours or preservatives. Source of Vital Nutrients Comprising 18 important nutrients including vitamins and minerals, this cereal gives your child the right amount of nutrition."
38,Pampers Baby-Dry Pants Diaper - S(86 Pieces),Diapers & Wipes,Pampers,"Pampers baby-dry pants style diapers are the only pants in India with new Air Channels providing your baby a new type of dryness overnight; breathable dryness Magic Gel that locks wetness away for up to 12 hours of dryness The new & improved product design enables a comfortable fit, closer to the baby's body Flexible waist band that adapts to baby's movements for a comfortable fit Baby lotion with Aloe Vera helps protect your baby's delicate skin from diaper rash and irritation A top layer with cotton like soft material, for a comfortable night's sleep Fun exterior graphics; fun designs & characters to enjoy with your baby"
39,Nivea Rose and Argan Oil in Lotion(400 ml),"Creams, Lotions, Skin Care",Nivea,Nivea brings the goodness of premium natural oils in a fast absorbing lotion with sensual fragrances.
40,Kohinoor Lazeez Sabzi Masala(40 g),Masalas & Spices,Kohinoor,"Some good veggies and a pinch of this Kohinoor Lazeez Sabzi Masala are all you need for a flavourful meal that everyone will love. Rich Aroma and Flavour With the perfect blend of 17 spices, this masala can instantly turn any bland dish into a delectable delight. Granular Texture It blends easily into most of your recipes, enhancing their taste and flavor."
41,Heinz Tomato Ketchup(900 g),Ketchups & Spreads,Heinz,"Add a tangy twist to your sandwiches, burgers and fries with the Heinz Tomato Ketchup. It contains extracts of spice, onion, garlic and the goodness of 100% natural tomatoes to make your meals and refreshments tasty and healthy. Deliciously Thick and Rich This Heinz ketchup is made with the goodness of 100% natural and sun-ripened tomatoes to give a tangy and appetizing flavor to your snacks. Enjoy with Snacks Anytime It contains extracts of spice, onion, and garlic to make your breakfast, luncheons, and refreshments mouth-watering. This bottle of ketchup is easy to pour and use, thereby making it convenient for you to add a tangy twist to your ordinary meals. Make Meals Healthier and Tastier This tomato ketchup comes with vitamins, proteins, and celery. It has antioxidant properties and also includes minerals to make your meals wholesome, yummy, and healthy. No Artificial Preservatives This ketchup maintains its taste with the freshness of ripe red tomatoes. It contains no artificial color, preservatives, flavors, or starch."
42,Maaza Mango(1.2 L),Juices,Maaza,"Enjoy the juicy pulp of mangoes anytime, anywhere with the Maaza mango drink from the Coca-Cola Company. This universally loved drink is made from real pulp of handpicked Alphonso mangoes. Mango Indulgence Enjoy this sweet, rich and thick mango fruit drink that comes infused with delightful Alphonso mangoes. Ready-to-serve Mango Drink This drink, that is best served chilled, is made from actual mango pulp of Alphonso mangoes to give you an authentic and refreshing experience."
43,Fair & Lovely Men Instant Fairness Face Wash(50 g),Soaps & Body Wash,Fair & Lovely Men,"For the men on the go, this face wash from Fair & Lovely is a must-have in your kit. This oil-free face wash keeps your skin soft and smooth, keeping it hydrated it for a long period. Long-lasting Fairness Its oil-free formula retains the natural moisture of your skin, making your skin look fairer and keeping it hydrated for a longer period. Soft and Smooth Feel Made from water and ingredients such as glycerin and myristic acid, this face wash gives you a soft and smooth skin."
44,Nivea Waterlily & Oil Care Shower Gel(250 ml),Soaps & Body Wash,Nivea,"With the NIVEA Waterlilly and Oil shower gel soft, supple and gentle skin will be all yours. Its care oil pearls will keep your skin moisturized.  Start on a Fresh Note This shower gel will leave your body with the invigorating scent of the waterlily flower, thereby keeping you fresh all day long. Skin That’s Clean and Balanced This shower gel’s effective cleansing formula will keep your skin clean and balanced. Skin That’s Soft and Supple This shower gel has been enriched with care oil pearls that moisturize your skin, thereby making it soft and supple."
45,"Saffola Masala Oats Lemony Twist(39 g, Pouch)",Breakfast Cereals,Saffola,"You want to be healthy; you’re always short of time; you don’t want to compromise on taste - find the sweet spot between all these struggles with this packet of Saffola masala oats. Made from 100% natural whole grain oats and veggies, this packet of Saffola masala oats is healthy and tasty as well. The best part is, it hardly takes any time to prepare it. Just 3 Minutes Even with a hectic schedule, you can always squeeze in 3 minutes to prepare yourself a yummy bowl of oats. Nutritious Full of protein and fiber, oats keep you satiated for a long period and help you manage your weight. Less Fat According to a study, this product contains up to 70% less fat when compared to instant noodles."
46,Kohinoor Lazeez Sabzi Masala(40 g),Masalas & Spices,Kohinoor,"Some good veggies and a pinch of this Kohinoor Lazeez Sabzi Masala are all you need for a flavourful meal that everyone will love. Rich Aroma and Flavour With the perfect blend of 17 spices, this masala can instantly turn any bland dish into a delectable delight. Granular Texture It blends easily into most of your recipes, enhancing their taste and flavor."
47,Heinz Tomato Ketchup(900 g),Ketchups & Spreads,Heinz,"Add a tangy twist to your sandwiches, burgers and fries with the Heinz Tomato Ketchup. It contains extracts of spice, onion, garlic and the goodness of 100% natural tomatoes to make your meals and refreshments tasty and healthy. Deliciously Thick and Rich This Heinz ketchup is made with the goodness of 100% natural and sun-ripened tomatoes to give a tangy and appetizing flavor to your snacks. Enjoy with Snacks Anytime It contains extracts of spice, onion, and garlic to make your breakfast, luncheons, and refreshments mouth-watering. This bottle of ketchup is easy to pour and use, thereby making it convenient for you to add a tangy twist to your ordinary meals. Make Meals Healthier and Tastier This tomato ketchup comes with vitamins, proteins, and celery. It has antioxidant properties and also includes minerals to make your meals wholesome, yummy, and healthy. No Artificial Preservatives This ketchup maintains its taste with the freshness of ripe red tomatoes. It contains no artificial color, preservatives, flavors, or starch."
48,Maaza Mango(1.2 L),Juices,Maaza,"Enjoy the juicy pulp of mangoes anytime, anywhere with the Maaza mango drink from the Coca-Cola Company. This universally loved drink is made from real pulp of handpicked Alphonso mangoes. Mango Indulgence Enjoy this sweet, rich and thick mango fruit drink that comes infused with delightful Alphonso mangoes. Ready-to-serve Mango Drink This drink, that is best served chilled, is made from actual mango pulp of Alphonso mangoes to give you an authentic and refreshing experience."
49,"Saffola Masala Oats Lemony Twist(39 g, Pouch)",Breakfast Cereals,Saffola,"You want to be healthy; you’re always short of time; you don’t want to compromise on taste - find the sweet spot between all these struggles with this packet of Saffola masala oats. Made from 100% natural whole grain oats and veggies, this packet of Saffola masala oats is healthy and tasty as well. The best part is, it hardly takes any time to prepare it. Just 3 Minutes Even with a hectic schedule, you can always squeeze in 3 minutes to prepare yourself a yummy bowl of oats. Nutritious Full of protein and fiber, oats keep you satiated for a long period and help you manage your weight. Less Fat According to a study, this product contains up to 70% less fat when compared to instant noodles."
50,Nivea Creme Soft Shower Gel(250 ml),Soaps & Body Wash,Nivea,Enjoy the joy of feeling fresh with this NIVEA Creme Soft Shower Cream. This shower cream has been enriched with almond oil which helps keep your skin feeling soft and moisturized while leaving a mild scent behind. Gentle Protection and Cleaning This shower cream is enriched with the natural goodness of almond oil that gently cleanses your skin and keeps nourished. Hydration for Your Skin The Hydra IQ moisture technology in the Creme Soft Shower Cream keeps your skin feeling hydrated and cared for while maintaining your skin's ph balance.
51,Set Wet Studio X Body Wash For Men - Refresh(180 ml),Soaps & Body Wash,Set Wet Studio X,"Celebs are always ahead of the trend-setting curve with their dapper and suave looks, all thanks to expert styling. Its their X factor that separates the best from the rest! Set Wet Studio X, co-created with top celeb stylist Aalim Hakim is that X factor for your daily grooming routine. An expert grooming range for men who want to sport that celeb look everyday. Keep your style game effortlessly on point. Take the spotlight and be the trend. Welcome to tropical woes where the early morning post-shower freshness barely stays through the day. But hey, we've got you covered! Say hello to Studio X Refresh Body Wash For Men. It elevates your mood and makes you feel alive. Time to feel the celebrity vibe that lasts all day! Benefits : Co-created with top Celebrity Stylist Aalim Hakim to give you expert grooming - so that you can look and feel like a celeb everyday Set wet Studio X body wash for men- Refresh, unleashes a rush of cool aqua fragrance It consists of menthol which gives a mad burst of cooling to your body This men's body wash helps cleansing your body effectively It helps keep you refresh whole day long with a long lasting fragrance This body wash for men is effective even in the most humid conditions and is suitable for all skin types"
52,Engage Spray W3 Perfume - 120 ml(For Women),"Deos, Perfumes & Talc",Engage,Engage presents these perfume sprays for the modern woman who is confident and classy. The fragrances will leave you feeling fresh and smelling beautiful all day. Engage Women W3 Perfume Spray is a casual and breezy fragrance with sparkling fruity-floral scent with clean and crisp elements of apple and lime that evoke the spirit of the Sicilian summer.
53,Johnson's Skincare Wipes(80 Pieces),Diapers & Wipes,Johnson's,"Taking care of your baby’s hygiene is extremely important. Get these Johnson’s Baby Wipes to keep your little one’s skin and hydrated. Cloth wipe instead of paper These wipes are made of cloth and not paper, thus they are gentle on your child’s skin and ensure no damage is caused. Contains one of Mother Natures Moisturisers - Glyceryl Oleate - which nourishes, hydrates and protects As these wipes contain natural ingredients like glyceryl oleate which nourishes, hydrates and protects your little one’s skin thoroughly and keeps it clean too.  Hypoallergenic - soap free - alcohol free These wipes are hypoallergenic, thus reducing the risk of causing allergy. Furthermore, these wipes are soap and alcohol free ensuring no harm is caused to the baby’s skin. Wipes are extra soft with embossed SOFTWAVE fabric that help reduce friction To help reduce friction and increase chafing, these wipes are embossed with SOFTWAVE fabric which makes them extra soft and gentle on your skin. Enriched with moisturising lotion To keep your baby’s skin moistened and prevent dryness, these Johnson’s Baby Wipes are enriched with moisturising lotion."
54,Lakme 9 to 5 Primer  Matte Nail Color Blush,Kajal & Makeup,Lakme,"Give your nails an instant matte finish with the Lakme 9 to 5 Primer Plus Matte Nail Color Blush. This nail color provides a smooth texture which lasts throughout the week. Its vibrant and smooth finish make it ideal for work or parties. Matte Shades It gives your nails a chip-proof and smooth matte finish. Long-lasting Colour This primer plus matte nail color stays on for a long period, which helps avoid repeated coating."
55,Khadi Natural Basil Essential Oil(10 ml),"Creams, Lotions, Skin Care",Khadi Natural,"An effective oil massage that can soothe nervous disorders and stress is this Basil Essential Oil from Khadi. For all those men and women looking for a product that can also treat their muscular pain and arthritis along with providing a soothing effect this Khadi Basil Essential Oil could be an apt choice. Also, the rich formulation of basil relieves you from a severe headache and migraine. Intellectual fatigue is something that demotivates you to do your daily routine, and this natural Khadi Oil is sure to pamper you during those times. Even after a stressful day, you can take a shower using this Essential Oil and relax. If you are suffering from gout, this Basil Essential Oil is also an ideal solution. Women go through menstrual pain every month, a body massage using this Oil is sure to comfort them in the most unique way. Directions for Use Take an adequate amount of this oil and dilute it with your carrier oil. Gently massage on your body. Can also be diluted with bathing water."
56,"L'Oreal Paris Paris Kajal Magique(Supreme Black, 0.35 g)",Kajal & Makeup,Supreme Black,"If you do not believe in the power and drama of a dash of kajal, then try the L'Oreal Paris Kajal Magique. The intense, long-lasting shade with the goodness of nutrient-rich ingredients make this L’Oreal kajal a must-have makeup essential.  Intense Color The mineral pigments of this kajal deliver bold and long-lasting color with every single stroke. Rich Ingredients This L’Oreal kajal contains Cocoa Butter, Vitamin E, and Olive Oil Esters to soothe your eyes. Waterproof Kajal This waterproof and smudge-proof kajal lasts up to 12 hours."
57,Nescafe Classic Instant Coffee(100 g),Coffee,Nescafe,"With this Nescafe coffee powder, you can whip up delicious and refreshing cups of coffee so that you can kickstart your day in the right way. With a delicious taste and a refreshing aroma, the coffee made from this coffee powder will instantly put you in a better mood. Whether it’s day or night, simply follow the instructions mentioned at the back and enjoy slurp-worthy coffee instantly. Made with Roasted Coffee Beans One cup of Nescafe coffee will help you see the tasks at hand in a new light, which will make way for new opportunities. The carefully roasted beans elevate the flavour of coffee so that you're always on top of your game.  Frothy Instant Coffee The coffee lover in you will be pleased to see how frothy the coffee is once you stir in this Nescafe coffee powder. Flavourful and Pure Coffee Once you stir in this coffee powder, your home will be engulfed with the flavourful aroma of coffee. It brings about a pure coffee taste that will not disappoint the coffee lover in you. Comes in a Glass Jar This coffee powder comes in a specially designed glass jar so that the powder retains the ability to make delicious coffee until the jar is empty."
58,Indulekha Bhringa Hair Oil(100 ml),Hair Care,Indulekha,"Hair and scalp conditions can be caused due to stress, pollution, infections and much more. With the Indulekha Bhringa Hair Oil, you can keep your hair healthy and nourished. You can apply it directly to your scalp as it comes with a selfie bottle. The ingredients are infused to make an ayurvedic concoction that promotes healthy hair growth. Ayurvedic Concoction The Swethakutaja leaves are dipped in coconut oil to bring out their medicinal quality. The base oil, along with the other ingredients, such as SvethakutajaIt, aloe vera, neem, amla, Bringharaj and virgin coconut oil, makes this oil beneficial for your hair. Anti-dandruff Property SvethakutajaIt gives this oil its anti-inflammatory, antimicrobial and anti-dandruff properties. It helps combat skin diseases, such as psoriasis, and dandruff. Aloe Vera With enzymes that repair dead skin cells on the scalp, this ingredient promotes hair growth, reduces dandruff and prevents itching. It also rejuvenates hair by giving it elasticity and prevent hair breakage. Neem Thanks to its anti-protozoal, antioxidant, anti-inflammatory and antibacterial properties, neem effectively cleanses the scalp and treats various skin conditions for a healthy hair growth. Bringharaj Bringharaj extracts are known to improve hair growth and color, giving you lustrous and healthy hair locks. Amla Being a rich source of vitamin C and antioxidants, amla prevents premature graying and gives strength to the hair follicles. Virgin Coconut Oil This ingredient is extracted by cold compression method. It is high in vitamins, antioxidants, minerals, fragrance and proteins."
59,Rexona Powder Dry Deodorant Roll-on - For Women(50 ml),"Deos, Perfumes & Talc",Rexona,"Engulfing you in an inviting aroma of delicate floral notes, this Powder Dry deodorant from Rexona will be a woman’s best friend for life. Talc-essence True to its name, this dermatologically tested deodorant will keep your underarms dry, and free of sweat and odour for as long as up to 48 hours. Easy to Apply The roll-on design will make it quick and easy for you to apply after shower."
60,AXE Signature Intense Body Body Spray - For Men(122 ml),"Deos, Perfumes & Talc",AXE,"The World's # 1 Male Deodorant Axe, presents Axe Signature' - a range of premium body perfumes with 0% gas. Designed by the world's leading perfumers, Axe Signature body perfumes are concentrated with 3X more perfume. These body perfumes are not only stronger, they also last longer, helping you make an unforgettable impression when it matters the most. Feel fresh and energetic all day long with Axe Signature Sport body perfume. A dynamic fusion of fruity fragrance notes against a woody base gives a super strong and long-lasting effect. The blend of citrus and woody notes creates a fragrance that is a perfect fit for the go-getter, who is always on the run. The dynamic aroma of this sporty, modern perfume ensures you stay cool and energised for up to 24 hours giving you long-lasting, all-day freshness.Complete your morning preparation with the unforgettable fragrance of Axe Signature Sport Body Perfume. Simply spray it directly on your skin, underarms, chest and neck. Add that extra twist to your style. Like you've got something different from the rest, helping you make an impression that lingers on. Don't fade away like the rest. Catch attention and arouse curiosity in the moments that count. Leave your signature with the Axe Signature range of body perfumes."
61,L'Oreal Paris Casting Creme Gloss Hair Color(Medium Brown 500),Hair Care,L'Oreal Paris,"Give your mane a trendy makeover with this Loreal Paris Casting Cream Gloss Hair Color. The Medium Brown - 500 shade of this hair color gives your hair a smooth natural looking shade. The formula of this hair color will not only cover all the greys but will also give you glossy tresses to flaunt. The hair color set includes a casting cream gloss cream colorant, a casting cream gloss nutri shine conditioner and a casting cream gloss developer. As this hair color does not contain ammonia, it is completely safe for your hair. Enriched with aloe vera and green tea, this Loreal Paris Casting Cream Gloss Hair Color nourishes your hair to make it soft and smooth. The formula gives your hair a shimmery look that is sure to grab attention. This hair color is ideal for women. Directions for Use Read the instructions and precautions provided carefully before using the hair color. Perform a skin allergy test, as per the instructions, to make sure that you are not allergic to the contents of this hair color. Use gloves while handling the cream. Rinse your hair thoroughly after the hair coloring process."
62,Nivea Extra Whitening Cell Repair SPF 15 Body Lotion(400 ml),"Creams, Lotions, Skin Care",Nivea,"Dermatologically tested as safe for use on the skin, and free of alcohol content, this NIVEA Extra Whitening Cell Repair Body Lotion knows exactly what your skin needs during humid, summer days. It intensely moisturises your skin without leaving a heavy film of grease on it. Evens Your Skin Tone Lightweight in texture, this non-greasy formula offers itself as the perfect summer body lotion. It absorbs readily into the skin and works to repair cells, to give you even-toned skin in just 14 days. SPF Protection Enriched with an SPF 15 formulation, this lotion protects your skin from damage brought on by exposure to sunlight. Smooths Skin Vitamin C extracts in this lotion repair damaged skin and tackle dullness so your skin looks visibly smooth and nourished."
63,Gala Dust Go Set Plastic Dustpan(Multicolor),Floor & Other Cleaners,Gala,Gala Dust Go Set Dustpan (Multicolor)
64,Biotique Bio Green Apple Daily Purifying Shampoo & Conditioner(200 ml),Hair Care,Biotique,"This refreshing formula is blended with pure green apple extract, sea algae and centella, to purify and nourish the scalp and hair with natural minerals and proteins. Special pH balanced formula is gentle enough to use every day. Leaves hair refreshed and full of natural body and shine."
65,Nivea Fresh Petal & Care Female Deodorizer Deodorant Spray - For Women(120 ml),"Deos, Perfumes & Talc",Nivea,"Get day long odour-control and confidence with the Nivea Fresh Petal & Care Deodorizer. Its unique deodorizing formula and refreshing jasmine scent give you day long odour control, with just one use. Its skin-friendly formula with Provitamin B5 gives you nourished and hydrated skin. Odour Protection Its unique deodorizing formula makes sure that a single use of this deodorant is enough to give day-long odour control. Long-lasting Freshness Its sensuous Jasmine scent makes you feel fresh throughout the day. Care For Your Underarms It contains Provitamin B5 which gives your skin the required nourishment and hydration."
66,Tropicana Pomegranate Delight Fruit Beverage  (1 L),Juices,Tropicana,Pomegranates are a rich source of nutrients. What if we told you that there is a delicious way to add this fruit to your diet? Take a glass and pour this refreshing drink from Tropicana.
67,Cadbury Celebrations Treasure Basket Combo(588 g),Chocolates & Sweets,Cadbury,Cadbury Celebrations Treasure Basket
68,Dove Pink Rosa Beauty Bathing Bar(Rs 29 Savings Pack)(3 x 100 g),Soaps & Body Wash,Dove,"We think that skin cleansing should be an act of beauty for your skin that leaves it feeling soft and cared for. And Dove Pink Rosa Beauty Bar also has a delicate blush of color that adds a touch of feminine sophistication to your bathroom. That�s combined with our � moisturizing cream to create a beauty bar that helps nourish your skin during cleansing. Dove Beauty Bars are specially formulated to deliver skin-natural nourishment, helping your skin to keep its natural moisture during cleansing. Dove Pink Rosa Beauty Bar contains our ultra-mild cleansers, which don�t strip skin of moisture like a regular soap bar can. It�s mild enough to be used on your face, body and hands � the perfect addition to your daily skin cleansing routine. Dove is the No.1 Brand recommended by dermatologists in India. For best results, lather up your Dove Beauty Bar and massage the smooth, creamy lather over your face and body before rinsing thoroughly. For soft, smooth hands, you can also enjoy regular hand-washing throughout the day with your Dove bar. Soap may dry out your hands, but the classic moisturizing formula of Dove bars will leave skin softer, smoother and more glowing. Buy Now!"
69,Johnson's All Day Long Baby Lotion(100 ml),Baby Bath & Skin Care,Johnson's,"When a baby is born, her skin is most delicate. That's why we perfected our formulas over 125 years so they are now more gentle to give her the best care. Johnson's baby lotion has been improved to slow down moisture loss by hydrating skin, locking in moisture and creating a protective barrier to keep moisture in and dryness out. This clinically proven long lasting formula continuously protects babys skin for up to 24 hours, keeping it feeling healthy and baby soft."
70,Flipkart Supermart Select Brown Chana(1 kg),Dals & Pulses,Flipkart Supermart Select,"Grams are high in minerals, fibers and proteins. They also provide key vitamins and minerals to your diet. Its pure goodness helps in regulating blood pressure and cholesterol, while also assisting with weight management and diabetes. Flipkart Supermart Grams have a natural and delicious taste with great quality. Sourced from the finest traditional farms, our professionals handpick the Select produce carefully to ensure that the maximum nutrition from the farm reaches your food. Through multiple quality checks, cleaning and advanced packaging, Flipkart Supermart Select ensures an enhanced shelf life while also preserving the healthy, natural taste of the produce. So go ahead and enjoy a healthy, hearty meal with your family."
71,"Maybelline New York Baby Lips Lip Balm Pink Lolita(Pack of: 1, 4 g)","Creams, Lotions, Skin Care",Maybelline,"Be the lover that sings sweet songs to a loved one, love the lips that speak sweet words more so you are always happy and spreading smiles around. The Maybelline Baby Lips Pink Lolita is crafted with the sweetest pink note to give your lips the shade of sweet romance so your life never misses the spark you need to keep going on. Forget the damaged skin on your lips and leave behind those days of worry when you needed to run from any intimate situation because this Maybelline implement will keep your lips in complete tender care so you flaunt the pinkest lips and speak the words of love. The Pink Lolita will caress your lips with a blanket of moist protection so you can never suffer from dry skin and chapped lips. No matter what weather may come and go, your smile and confidence will stay put so you impress with every action and every word. Hydrating every layer of the skin on your lips, this lip balm will keep your lips soft and luscious so you receive compliments for gorgeous looking lips. Infused with SPF 16 and ideal for men and women, this lip balm will not only help in moisturization but also protection."
72,Pampers Premium Care Pants - XS(24 Pieces),Diapers & Wipes,Pampers,"Protect your newborn baby’s precious and delicate skin with these diapers from Pampers. Made from Silky Soft Materials, these diapers will give your baby the best skin protection. They come with Three Extra Absorb Channels and have a Top Dry Layer to lock away wetness and distribute it evenly. Also, these diapers are ideal for babies weighing around 3 to 5 kg. Silky Soft The super-soft material of these diapers will keep your baby’s skin dry and comfortable. Three Extra Absorb Channels These channels help in quick absorption and in evenly distributing wetness throughout the diaper. Top Dry Layer These diapers keep the top layer dry by absorbing and locking the wetness inside. Breathable Materials The diapers have around one million micropores, so your baby’s skin can breathe easily."
73,L'Oreal COLOUR PROTECT SHAMPOO(10% Extra in Pack)(360 ml),Hair Care,L'Oreal,"Colour Protect shampoo by LOreal Paris nourishes the hair and transforms its surface, keeping the hair protected and prolonging the color radiance. The Colour Protect formula with UV filter- Light Reflecting System combines an active nourishing ingredient and filters for color treated hair. Dry hair, meet your match. LOreal Paris offers hair conditioners for every concern and hair type. Whether youre looking to moisturize dry hair, want a conditioner for colored hair, or want to help repair damaged hair with a deep conditioner, we have the hair conditioner�and complementary shampoo�that best fits your needs!. Nourishes The Hair And Transforms Its Surface. Hair Feels Silky To Touch . Helps Protect The Hair Fibre From External Aggressions And Accentuates The ColorS Radiance."
74,Ching's Secret Chilli Vinegar(170 ml),Cooking Sauces & Vinegar,Ching's Secret,"Drizzle a few drops of Ching's Secret chilli vinegar sauce to make your dish mouth-watering. This sauce enhances the flavour by combining its vivid green Jwala chilli with your food. Desi Chinese Zing The Ching's Secret chilli vinegar sauce will give your favourite dish the delicious edge that it needs and tingle your taste buds. Versatile Sauce An ideal dining table companion, this sauce has a sharp vinegar heat that will complement various dishes."
75,Nestle A Plus Slim Milk,Dairy,Nestle,"The Nestle A Plus Slim Milk pack features the goodness of milk but with 95% less fat when compared to cow or buffalo milk. If you plan on starting a low-fat diet, then this UHT-treated skimmed milk, which includes Calcium and Protein, is an ideal choice to help meet your fitness goal. Low-fat Milk For those aiming to lose weight and get fit, Nestle A Plus Slim Milk is a blessing as it contains less fat and a lot of essential nutrients. Easy to Consume It undergoes 61 stringent quality checks for adulterants, aflatoxin and antibiotics, and can be consumed directly from the carton without having to boil it."
76,St. Ives Soothing Oatmeal & Shea Butter Body Wash(400 ml),Soaps & Body Wash,St. Ives,"Keep calm and soothe on! Our Soothing Oatmeal and Shea Butter Body Wash gently cleanses skin with a rich, soothing lather. This is a creamy body wash infused with oatmeal and Shea butter extract that helps to restore your natural glow with every wash. Made with 100% natural extracts (oatmeal and Shea butter) it'll cleanse your skin with a sumptuous, soothing lather."
77,Nivea Men Vitality Fresh Shower Gel(250 ml),Soaps & Body Wash,Nivea Men,"Recharge your mind and body with the 3-in-1 hydrating Nivea Men Vitality Fresh shower gel. This shower gel consists of vitalizing ocean minerals and gives you an uplifting fragrance Effective Cleansing Your skin will be deeply cleansed and you'll feel recharged, thanks to the effective cleansing formula of this shower gel. Long-lasting Freshness The long-lasting freshness of this shower gel is attributed to the fragrance of menthol and water mint in its specialized formula. Care for Your Skin The rich foam formula of the Nivea Men Vitality Fresh shower gel hydrates your skin and takes good care of it."
78,Coco Soul Original Coconut Chips(33 g),"Chips,Namkeen & Snacks",Coco Soul,"Say hello to this packet of coconut chips from Coco Soul - your new favourite healthy snack to binge on. These chips are made from high-grade coconuts and they are roasted and delicately flavoured to enthuse your taste buds. Not Fried but Roasted You can have these chips, even when you are on a diet, as they are roasted and not fried. The Goodness of Fresh High-grade Coconuts These chips have been made using 100% natural, high-grade coconuts that have been sourced from the farms of Thailand. Well-cut and Delicately Seasoned Your taste buds are in for a sumptuous ride, as these well-cut chips have been delicately seasoned to make them flavorful."
79,Neutrogena Deep Clean Blackhead Scrub(100 g),"Creams, Lotions, Skin Care",Neutrogena,"Neutrogena presents this Deep Clean Blackhead Scrub to let you enjoy the new sensory and invigorating experience of cleansing. Helps Eliminate Blackheads for Clearer, Smoother Skin The Neutrogena Deep Clean Blackhead Scrub makes sure that the appearance of blackheads is completely prevented to give clearer, smoother skin. Eliminate Blackheads by Removing Stubborn Dirt and Oil Trapped inside Pores The infusion of Beta Hydroxy acid, also known as salicylic acid, in this scrub acts as a topical exfoliant that clears out blackheads by penetrating deep inside the pores and removing stubborn dirt and oil. Exfoliate without Over Drying Ideal for use on all skin types, the Deep Clean Blackhead Scrub gently exfoliates and cleanses your skin without over drying."
80,Nivea Rose and Argan Oil in Lotion(400 ml),"Creams, Lotions, Skin Care",Nivea,Nivea brings the goodness of premium natural oils in a fast absorbing lotion with sensual fragrances.
81,"Nestle Lactogen Follow-up-Formula (Stage 3)(400 g, 12+ Months)",Baby Foods,Nestle Lactogen,"The first two years of your child’s life is imperative. With the Nestlé LACTOGEN 3 Follow-Up Formula Powder, you can ensure that your baby gets the right nutrition when he/she is not being breastfed. The Spray-dried Follow-up Formula bolsters your child’s growth such that he/she can lead a healthy life. Spray-dried Follow-up Formula This formula is ideal for infants who are 12 months or older. This formula helps your baby stay healthy during his/her childhood and adulthood. Bag-in-box Format This format not only keeps its contents safe, but also makes for better hygiene and convenience."
82,Tropicana Mango Delight Fruit Beverage(1 L),Juices,Tropicana,The Tropicana Mango Delight fruit beverage is a delicious drink made with real mangoes. This drink is a rich source of potassium and can be consumed by all age groups.
83,Fiama Patchouli and Macadamia Shower Gel(185 ml),Soaps & Body Wash,Fiama,"Wash away the troubles of your day, with the foamy, fresh, and fun Fiama Shower Gel. And while you enjoy your Fiama bath, let its skin-conditioners work their magic to give your skin a soft glow. This Patchouli and Macademia shower gel makes your day bright and shiny with its fruity, floral fragrance. It is filled with natural goodness, which gives you soft glowing skin and an indulgent experience. So get ready to let your bath, take care of you after a rough day."
84,Flipkart Supermart Select Sonora Almonds(200 g),"Dry Fruits, Nuts & Seeds",Flipkart Supermart Select,"Nuts are essential dry fruits when it comes to a healthier mind, heart and immune system. They are rich in vitamins, niacin, and proteins. Flipkart Supermart Nuts not only bring their rich, savoring taste to your delicacies, but are also instrumental in providing enriched nutrients for cognitive and physical growth. Sourced from the finest traditional farms, our professionals handpick these ‘Select’ produce carefully to ensure that the maximum nutrition from the farm reaches your food. Through multiple quality checks, cleaning and advanced packaging, Flipkart Supermart Select ensures an enhanced shelf-life while preserving the healthy, natural taste of the produce. So go ahead and enjoy a healthy, hearty meal with your family."
85,Nike 5th Element Deodorant Spray - For Women(200 ml),"Deos, Perfumes & Talc",Nike,"Ever wondered at the power of nature to overwhelm you as you stand at the very edge of the cliff, ready to jump into the abyss with nothing holding you to life except a thin rope and few metal pieces? That is the ability of a human to trust in a higher power and let go as sensations flood through your senses and adrenaline pounds in your ears. For the woman who is daredevil enough to step off the ledge to experience ultimate nirvana, Nike presents N5th Element Deo Spray, the fragrance of freedom. The mass premium deodorant spray spreads the notes of peace within your soul as you battle nerves in your quest to do what you have been told that you’re not good enough for. Presented in a pure white flacon that exudes feminine sensuality, the fragrance is one that will keep you fresh and rejuvenated as you push boundaries and discover what you are capable of. Surrender to your will to let go of everything, grounded only by your belief in yourself, with the fleeting coziness that Nike N5th Element Deo Spray wraps you up in."
86,Doritos Cheese Flavour Nachos(140 g),"Chips,Namkeen & Snacks",Doritos,"The tooth-rattling crunch and potent flavours of these tortilla chips from DORITOS will give your snacking time a bold twist. So, grab a bag of DORITOS tortilla chips and experience a world beyond snacking."
87,Cif Surface Cleaner Cream Lemon Kitchen Cleaner(500 ml),Floor & Other Cleaners,Cif,New Cif Cream Lemon with its citrus fresh scent is packed with millions of natural microcrystals derived from limestone. The ‘microcrystals’ in our Cif cream are microparticles made from a naturally occurring mineral and are not linked to the plastic microbeads that have the potential to contribute to microplastic marine litter. There are no microplastics in any of our Cif products.
88,"Fogg 1000 Sprays, Ultimate Deodorant Spray - For Men(150 ml)","Deos, Perfumes & Talc",Fogg,"Spilling the impeccable style of the charismatic men and women, Fogg depicts their innate subtlety. Long Lasting Start a new day with zest and carry on with your activities by spraying this deodorant that has a long-lasting effect. Prevents Heavy Perspiration and Bad Odour Sail smoothly through those hot days of summer with Fogg 1000 Sprays Ultimate Deodorant Spray as it prevents heavy perspiration and bad odour. Sophisticated Wear This sophisticated wear is an essential in your collection of accessories. Rejuvenating and Fresh Fragrance Your tired cells will get a quick workout when you use this deodorant that leaves you rejuvenated with its fresh fragrance.  Strong, Heady and Refreshing The mesmerising deodorant casts its spell on those around you with its strong, heady and refreshing aroma."
89,Schweppes Tonic(300 ml),Soft Drinks,Schweppes,"Add a dash of zest to your drinks with the Schweppes Tonic that offers a distinctive tang to excite your taste buds. Made with quinine and other delicious ingredients, this tonic can be enjoyed on the rocks and/or with mocktails and cocktails. Refreshing Drink Mixer This is a refreshing and tasty drink mixer to make your favorite drink taste even better. Distinctive Taste Made of quinine and other ingredients, this tonic has a distinctive taste. Ideal for Mocktails and Cocktails Make flavour-rich mocktails and cocktails at home with the Schweppes Tonic. A Standalone Drink Make a standalone drink on the rocks with this tonic and feel refreshed instantly. Serve Chilled Serve the drink chilled and bubbling to enjoy every sip."
90,Pampers Baby-Dry Pants Diaper - L(30 Pieces),Diapers & Wipes,Pampers,"Pampers baby-dry pants style diapers are the only pants in India with new Air Channels providing your baby a new type of dryness overnight; breathable dryness.Magic Gel that locks wetness away for up to 12 hours of dryness.The new & improved product design enables a comfortable fit, closer to the baby's body.Flexible waist band that adapts to baby's movements for a comfortable fit. Baby lotion with Aloe Vera helps protect your baby's delicate skin from diaper rash and irritation. A top layer with cotton like soft material, for a comfortable night's sleep. Fun exterior graphics; fun designs & characters to enjoy with your baby."
91,Nestle Munch Bars(202 g),Chocolates & Sweets,Nestle,"Experience the delicious taste of the yummy and crunchy chocolate bar that’s loved by all. With a rich and creamy taste of chocolate on the outside and a crispy multi-layered wafer inside, this pack of Nestle Munch bars is sure to delight your taste buds. Deliciously Crunchy Its wafer is coated in rich chocolate, making every bite crunchy and chocolatey. Chocolatey Goodness for All Filled with 20 mini Munch bars, this pack is an ideal choice for a get-together or a picnic."
92,Pampers Active Baby Diapers - S(46 Pieces),Diapers & Wipes,Pampers,"5 Star Skin Protection: The Best tape style diapers from Pampers, with an outer layer of cotton-like softness, this baby diaper provides intense care to your baby's sensitive skin and protects it effectively from friction rash and redness. These soft and comfort fitting diapers with stretchable sides are best for your baby's rest and playtime. The diaper's fastening tape sticks multiple times thus ensuring it stays in place even after you fasten it after checking your baby's diaper. Protection and nourishment of your baby's skin are taken care of with extracts of moisturising Aloe Vera lotion, characteristic of these best baby diapers.. These diapers are ultra-thin, thanks to the absorbent gel material (AGM), commonly known as Magic Gel. This magic gel core of Pampers diapers is highly effective in absorbing frequent wetness. Naturally your baby's skin remains dry for upto12 hours ,now no more frequent diaper changing or blow leaks for your little angel."
93,Nivea Fresh Pure Care Shower Gel(500 ml),Soaps & Body Wash,Nivea,Enjoy the joy of feeling fresh with this NIVEA Nivea Fresh Pure Shower Gel. This shower gel has been enriched with sea minerals which helps keep your skin feeling soft and moisturized while leaving a mild scent behind. Freshness That Lasts Enjoy the invigorating aquatic scent keeps you feeling fresh during and after the shower. Effective Cleansing and Care This shower gel is enriched with sea minerals that cleanses your skin better than soap while maintaining your skin’s pH balance.
94,Super Max S 11 - Razor with Cartridges(Twin Blade Catridge Pack with Handle Free)(Pack of 4),Shaving Needs,Super Max,
95,Biotique Bio Bhringraj Hair Oil(120 ml),Hair Care,Biotique,"This intensive formula features pure bhringraj, butea frondosa, amla and centella blended with coconut oil and the healthfulness of goat milk to help treat alopecia and other causes of hair loss. Nourishes the scalp and strengthens hair strands to encourage fresh growth and help diminish greying."
96,"Safewash Gentle Wash Fresh Liquid Detergent(Combo Pack 1  1 Free, 1 kg each)(1000 g)",Detergents & Laundry,Safewash,"Clothes that feel soft and smell great are always a pleasure to wear. Bring home this Safewash Liquid Detergent to add shine, softness and a pleasant fragrance to your clothes. It includes pH Neutral Formula to retain their softness and it untangles damaged cloth fibres to make your clothes smooth and great to wear. pH Neutral Formula The pH Neutral Formula in this liquid detergent helps in protecting the softness of your delicate woollen and other fine fabrics. Gentle Wash and Fresh Fragrance Washing clothes regularly with detergents can make your clothes lose their natural shine and make them dull and rough. However, this Safewash liquid detergent untangles the damaged cloth fibres and gives them an unbelievable shine, softness and a fresh fragrance. Prevents Shrinkage It helps in retaining the natural color of your clothes and prevents shrinkage, making them soft and comfortable to wear."
97,"Maybelline New York Color Sensational Powder Matte Lipstick(Cherry Chic, 3.9 g)",Kajal & Makeup,Maybelline,Maybelline New York introduces the new Color Sensational Powder Matte lipsticks. Now powder your pout sensational with 2X Matte intensity and silkier powder finish. Get a dramatic effect with 4X saturated powder pigments  honey nectar.. This Maybelline Matte Lipstick Has An Ultra Powdery Smooth Matte Finish And Long-Lasting Lipsticks. Intense Color Pay Off.. Does Not Smudge. Keeps Lips Hydrated.
98,Happilo Premium Organic Authentic Flax seeds Roasted(250 g),"Dry Fruits, Nuts & Seeds",Happilo,"Happilo brings to you the world of premium snacking nuts, dry fruits, Dried fruits, Berries, Seeds, mixed nuts, fusions, nut mix and more"
99,Fiama Patchouli and Macadamia Shower Gel(185 ml),Soaps & Body Wash,Fiama,"Wash away the troubles of your day, with the foamy, fresh, and fun Fiama Shower Gel. And while you enjoy your Fiama bath, let its skin-conditioners work their magic to give your skin a soft glow. This Patchouli and Macademia shower gel makes your day bright and shiny with its fruity, floral fragrance. It is filled with natural goodness, which gives you soft glowing skin and an indulgent experience. So get ready to let your bath, take care of you after a rough day."
100,Kohinoor Brown Basmati Rice (Medium Grain) (1 kg),Rice & Rice Products,Kohinoor,"Include delectable dishes without compromising on your diet with this packet of Kohinoor Authentic Brown Basmati Rice. Wholesome Packed with natural nutrients, texture and flavour, brown basmati rice is considered to be wholesome as the wholeness is still intact, unlike other polished rice. Flavoursome Besides it being a healthy option, this brown basmati rice can be used to make delicious dishes like biryani, Yakhni pulao, fried rice, etc."
